Gene,Subcategory,NumTissues,Tissues,EventTypes,NumEvents,Max_|ΔΨ|,Hippo_ΔΨ,PFC_ΔΨ,Stri_ΔΨ,Threshold,Evidence
2010001A14Rik,B2_Pathway,2,"hippocampus,prefrontal",SE,2,0.292,-0.292,0.122,0.0,>=0.2,
4430402I18Rik,B2_Pathway,2,"prefrontal,striatum",SE,1,0.223,0.0,-0.103,0.223,>=0.2,
Abcb4,B2_Pathway,1,striatum,"MXE,SE",2,0.417,0.0,0.0,-0.417,>=0.3,
Agk,B2_Pathway,2,"hippocampus,striatum",A5SS,1,0.263,-0.149,0.0,-0.263,>=0.2,
Arfip2,B2_Pathway,2,"hippocampus,striatum","A3SS,SE",2,0.309,0.155,0.0,-0.309,>=0.2,
Arhgef5,B2_Pathway,1,hippocampus,RI,1,0.447,0.447,0.0,0.0,>=0.3,
Arpp21,B2_Pathway,2,"hippocampus,prefrontal",SE,1,0.41,-0.41,-0.118,0.0,>=0.2,
Atp5j,B2_Pathway,2,"hippocampus,prefrontal",SE,1,0.303,-0.303,0.145,0.0,>=0.2,
BC006965,B2_Pathway,1,prefrontal,SE,1,0.433,0.0,0.433,0.0,>=0.3,
Bcl2l12,B2_Pathway,1,striatum,A5SS,1,0.473,0.0,0.0,-0.473,>=0.3,
Cacna1d,B2_Pathway,2,"prefrontal,striatum","MXE,SE",2,0.215,0.0,-0.215,0.15,>=0.2,
Cacna1g,B2_Pathway,2,"hippocampus,striatum",SE,2,0.244,-0.244,0.0,-0.223,>=0.2,
Card19,B2_Pathway,1,striatum,SE,1,0.304,0.0,0.0,-0.304,>=0.3,
Carmil1,B2_Pathway,2,"prefrontal,striatum",SE,1,0.234,0.0,-0.234,0.184,>=0.2,
Ccdc134,B2_Pathway,2,"prefrontal,striatum","RI,SE",2,0.26,0.0,0.213,0.26,>=0.2,
Ccdc155,B2_Pathway,2,"prefrontal,striatum","MXE,SE",2,0.223,0.0,0.223,0.131,>=0.2,
Ccna1,B2_Pathway,1,hippocampus,SE,1,0.417,-0.417,0.0,0.0,>=0.3,
Cdh18,B2_Pathway,2,"hippocampus,prefrontal",A3SS,1,0.275,0.105,-0.275,0.0,>=0.2,
Cdk2,B2_Pathway,1,hippocampus,SE,1,0.336,0.336,0.0,0.0,>=0.3,
Cenpt,B2_Pathway,1,hippocampus,RI,1,0.308,-0.308,0.0,0.0,>=0.3,
Crat,B2_Pathway,2,"hippocampus,striatum",SE,1,0.236,0.236,0.0,0.188,>=0.2,
Crybg2,B2_Pathway,1,hippocampus,RI,1,0.337,-0.337,0.0,0.0,>=0.3,
Ctns,B2_Pathway,1,prefrontal,SE,1,0.349,0.0,0.349,0.0,>=0.3,
D7Ertd443e,B2_Pathway,1,hippocampus,SE,2,0.311,-0.311,0.0,0.0,>=0.3,
Disp2,B2_Pathway,1,hippocampus,SE,1,0.35,-0.35,0.0,0.0,>=0.3,
Dnah9,B2_Pathway,2,"hippocampus,striatum",MXE,2,0.283,0.283,0.0,0.232,>=0.2,
Dxo,B2_Pathway,1,prefrontal,A5SS,1,0.341,0.0,-0.341,0.0,>=0.3,
Emc8,B2_Pathway,1,prefrontal,SE,1,0.376,0.0,-0.376,0.0,>=0.3,
Fam3a,B2_Pathway,2,"hippocampus,striatum",A3SS,1,0.217,-0.217,0.0,-0.125,>=0.2,
Fzd10os,B2_Pathway,2,"hippocampus,striatum",SE,2,0.342,0.134,0.0,0.342,>=0.2,
Galnt13,B2_Pathway,2,"hippocampus,prefrontal",SE,1,0.203,-0.169,0.203,0.0,>=0.2,
Gli2,B2_Pathway,2,"prefrontal,striatum",MXE,2,0.273,0.0,-0.145,-0.273,>=0.2,
Helz,B2_Pathway,2,"hippocampus,striatum",A3SS,1,0.218,0.218,0.0,-0.109,>=0.2,
Hemk1,B2_Pathway,1,hippocampus,"MXE,SE",4,0.329,-0.329,0.0,0.0,>=0.3,
Hmgn2,B2_Pathway,2,"prefrontal,striatum",RI,1,0.233,0.0,0.233,0.111,>=0.2,
Kif23,B2_Pathway,1,prefrontal,SE,1,0.347,0.0,0.347,0.0,>=0.3,
Kmt5a,B2_Pathway,1,hippocampus,SE,1,0.358,0.358,0.0,0.0,>=0.3,
Lyar,B2_Pathway,1,hippocampus,SE,1,0.341,-0.341,0.0,0.0,>=0.3,
Map4k2,B2_Pathway,2,"prefrontal,striatum",A3SS,2,0.267,0.0,0.267,0.261,>=0.2,
Mia2,B2_Pathway,2,"hippocampus,striatum","MXE,SE",2,0.23,0.143,0.0,0.23,>=0.2,
Mphosph9,B2_Pathway,2,"hippocampus,prefrontal",SE,1,0.252,-0.252,0.197,0.0,>=0.2,
Mrps10,B2_Pathway,2,"hippocampus,prefrontal","A3SS,A5SS,SE",3,0.232,-0.205,0.232,0.0,>=0.2,
Mtfr1,B2_Pathway,2,"hippocampus,prefrontal",SE,1,0.26,0.134,0.26,0.0,>=0.2,
Myo19,B2_Pathway,1,hippocampus,RI,1,0.39,-0.39,0.0,0.0,>=0.3,
Neil2,B2_Pathway,1,prefrontal,SE,1,0.46,0.0,0.46,0.0,>=0.3,
Nrg1,B2_Pathway,2,"prefrontal,striatum","MXE,SE",3,0.252,0.0,0.14,0.252,>=0.2,
P4htm,B2_Pathway,1,striatum,RI,1,0.45,0.0,0.0,-0.45,>=0.3,
Pcdh15,B2_Pathway,2,"hippocampus,prefrontal","MXE,SE",3,0.23,-0.135,0.23,0.0,>=0.2,
Pecam1,B2_Pathway,2,"prefrontal,striatum","MXE,SE",2,0.215,0.0,-0.137,-0.215,>=0.2,
Pfkp,B2_Pathway,2,"prefrontal,striatum",SE,1,0.223,0.0,0.177,0.223,>=0.2,
Phc3,B2_Pathway,2,"hippocampus,striatum","A3SS,SE",2,0.223,0.143,0.0,-0.223,>=0.2,
Phf7,B2_Pathway,2,"hippocampus,striatum",SE,2,0.312,-0.157,0.0,-0.312,>=0.2,
Pla2g4b,B2_Pathway,1,prefrontal,RI,1,0.366,0.0,-0.366,0.0,>=0.3,
Ppp1r9a,B2_Pathway,1,striatum,RI,1,0.385,0.0,0.0,0.385,>=0.3,
Ppp2r2d,B2_Pathway,1,striatum,SE,1,0.302,0.0,0.0,0.302,>=0.3,
Prss36,B2_Pathway,1,prefrontal,SE,2,0.339,0.0,0.339,0.0,>=0.3,
Pvt1,B2_Pathway,1,prefrontal,SE,1,0.303,0.0,0.303,0.0,>=0.3,
Rccd1,B2_Pathway,2,"hippocampus,prefrontal",RI,1,0.215,0.213,0.215,0.0,>=0.2,
Sec14l3,B2_Pathway,1,hippocampus,SE,1,0.325,-0.325,0.0,0.0,>=0.3,
Slc26a10,B2_Pathway,1,prefrontal,RI,1,0.326,0.0,0.326,0.0,>=0.3,
Slc39a11,B2_Pathway,2,"hippocampus,prefrontal",SE,1,0.202,-0.202,0.146,0.0,>=0.2,
Spag4,B2_Pathway,1,prefrontal,"RI,SE",2,0.319,0.0,0.319,0.0,>=0.3,
St18,B2_Pathway,2,"hippocampus,striatum",SE,1,0.236,0.166,0.0,0.236,>=0.2,
Tbc1d31,B2_Pathway,2,"hippocampus,striatum",SE,2,0.393,-0.231,0.0,-0.393,>=0.2,
Tcf7l1,B2_Pathway,1,striatum,SE,1,0.344,0.0,0.0,0.344,>=0.3,
Tedc2,B2_Pathway,2,"hippocampus,prefrontal",RI,2,0.247,0.203,-0.247,0.0,>=0.2,
Tgfbr3l,B2_Pathway,1,hippocampus,RI,1,0.319,0.319,0.0,0.0,>=0.3,
Tmem94,B2_Pathway,1,striatum,SE,1,0.354,0.0,0.0,0.354,>=0.3,
Tnnt1,B2_Pathway,1,striatum,A3SS,1,0.335,0.0,0.0,0.335,>=0.3,
Tox3,B2_Pathway,1,prefrontal,A3SS,1,0.336,0.0,0.336,0.0,>=0.3,
Unc13b,B2_Pathway,2,"hippocampus,striatum",SE,2,0.242,-0.242,0.0,-0.211,>=0.2,
Usf3,B2_Pathway,1,striatum,RI,1,0.371,0.0,0.0,-0.371,>=0.3,
Vav2,B2_Pathway,1,striatum,SE,2,0.319,0.0,0.0,-0.319,>=0.3,
Xaf1,B2_Pathway,2,"hippocampus,striatum",SE,1,0.25,-0.25,0.0,0.151,>=0.2,
Xpo1,B2_Pathway,1,striatum,A5SS,1,0.317,0.0,0.0,0.317,>=0.3,
Zfp783,B2_Pathway,2,"hippocampus,striatum","A3SS,SE",2,0.274,0.145,0.0,0.274,>=0.2,
